user_id,history,recommendations
274,"[242300001,422200355,417000001,422201169,422208871,422214256,422208805,422203300,343700002,211300007,422212100,256700007,422207383,422204619,422217488]","[206200005,249500011,100080053,422211239,422202323,422208223,417000001,208200014,367400004,422207235]"
989,"[242300001,422201212,422202323,422206648,343700002,422202579,422202580]","[100080053,422201055,201600039,422215805,422211239,200900014,219200001,422207812,208200014,367400004]"
245,"[242300001,208200025,100110005,422205770,100150058]","[100080005,100100001,358300002,422209933,422206452,422202334,422207150,222600016,422212361,100080050]"
2713,"[242300001,422211446,204900004,422208807,223600009,224100009,422210980,318900012,422211309]","[213300007,253900005,343100043,422205160,213300064,422218587,211300002,422209053,422204775,358300001]"
5561,"[422207325,422202918,241200034,422208973,204900013,211300002]","[422210803,100110005,252500003,422209206,422218083,422208304,422209203,422211538,422204811,422210003]"
1595,"[422210803,422205355,422202918,308500015,223600010,249500027,422206043,422206648,327500002,422206042,345800015]","[242300001,206200005,422209262,422208316,357100006,208200025,422211239,200900014,219200001,422207027]"
3772,"[422210803,422200355,422211239,422200147,367800153,248700112]","[422208316,100080005,241600002,252500005,422206588,422211696,399200002,422209203,422207050,422204884]"
5370,"[422210803,422209262,422200355,422211239,422207812,422219407,422212123,422201119]","[100220035,422210980,200500095,422210461,222600052,422217488,224100029,248700058,100210023,422215904]"
1017,"[422210803,422210803,422209262,422200355,422211239,422212123]","[422210803,249500011,422211239,100080005,422207812,422203992,422202918,422209206,422206046,204600015]"
3246,"[422210803,422209262,422200355,422207812,422219407]","[100080053,422207812,422208344,248700027,422203206,422209203,422207312,214600023,422205679,422202349]"
1245,"[422210803,422209262,422200355,422211239,422207027,422207812,422202918,422203206,422219407,252300003,422212123,223600032,249500021,224100022,100150041,343700002,422200147,100610004,367800058]","[422211239,422207027,204100079,248700032,100210015,100210023,100330047,422210803,335300002,100080053]"
243,"[422210803,422209262,422200355,422211239,422207812,422204259,422215804]","[208200025,204100038,422207812,100180186,100100003,252500005,422208809,252500003,422202918,422202747]"
571,"[422210803,422209262,422200355,422211239,422219407]","[422200355,100080053,422214696,355900001,100220035,100210023,211300002,422204910,204100054,371600006]"
5724,"[422210803,422209262,422215805,422219407,422212123]","[422210803,100070011,422217625,208200025,309300015,422202918,422208870,422209203,205100467,100330044]"
3792,"[422210803,422209262,422200355,422219407,422200632,422204259,224100029,100750038,345800013]","[422200355,100100001,422209203,422206470,241200015,422200236,422204167,224100022,308100023,422211231]"
3181,"[422210803,206200005,422205355,213300029,417000001,334900008,208200002,422205770,100330001,422205460,100230064,211300002,100230057,308500013,422206248,211300005,318900002,318900019,343700002,100540031]","[242300001,422207325,422210803,206200005,422209262,422205355,249500011,100080053,357100006,208200025]"
1773,"[422210803,422209184,223000004,232500001,100610004,422208906,367800168]","[422210803,422205355,100080053,422204624,422206922,252500003,422202918,422209206,422209203,422219407]"
3041,"[422210803,422205242,422214696,422207050]","[219200001,422206922,422216286,241600002,422207812,100100003,206200065,422219882,422211696,422202747]"
1217,"[422210803,422205355,422201788,422208871,422200182,422206248]","[422208316,219200001,242300005,241600002,204900145,252500005,422222706,201100257,422202918,422208870]"
5551,"[206200005,422204624,386000018,249600043,422207495,205100467,422206470,422211183,422204231,343100041,422204619]","[242300001,422205355,422215805,100080005,241600002,204900145,206200065,334900001,422208870,422209206]"
516,"[206200005,256700002,309300012,422201907,355900001,422202624,201600141]","[208200025,208200014,422210412,422219407,100210023,243300007,100240016,318900009,418800004,422202629]"
1042,"[206200005,357100006,422206101,422205375,422209458]","[422207325,204900145,422207812,422208344,422214696,422209206,422207200,241200028,422204820,205100136]"
4874,"[206200005,422202334,256700009,418800002,422212933,318300003]","[206200005,201600039,422211239,100070048,100080005,422207812,206200065,386000018,422203704,422209206]"
4293,"[206200005,422206728,422212871,248700075,100610004]","[422209262,208200025,422202323,206200063,422202918,422216018,205100467,422208973,308100023,422202629]"
4310,"[206200005,206200005,241600001,422202918,422205590,100360006,241200016,241200015,422203300,331300006,422204910,422204787,318900012,422204787,422204787]","[242300001,206200005,422205355,422200355,201600039,219200001,256700002,422204624,204900145,208200014]"
2952,"[206200005,422203915,100360006,100140042,100210023]","[252300037,100210023,211300002,204100003,204100018,200400038,422214141,422200306,422212933,343100043]"
1784,"[206200005,211300005,201100053,205600273]","[422205355,422200236,100210023,422200147,422209206,249400118,422202918,422211239,422216018,226200009]"
4223,"[422209262,100240016,422207414,100220035,253900006,253900010,422209933]","[422212331,320800002,223600058,308900002,219200001,422206046,422211696,422208344,422206871,201600019]"
3444,"[422209262,422200355,422208344,422219407,343700002,237800005,100610004]","[205100136,222600030,422200236,100230059,204100018,422209282,335300002,367800030,100150091,422209203]"
1123,"[100070011,345800003,367800030,100610004,367800169,367800011]","[422207027,422209206,204100079,213300005,422202323,422206823,367800011,422205820,100220009,308500004]"
3625,"[100070011,422205355,249500011,252500004,357100010,357100006,249500026,422202323,422206922,241600001,241600002,249600045,422208344,422203915,422208870,422214338,100330001,422205621,422206470,308100016,422208798,422202624,422208805,365000012,100220035,100220037,422207810,223600009,422204657,422209296,248700035,253900002,249500004,422211276,222600006,422200152,422210280,308100023,226200017,249500002,308100019,249600005,422207153,290500002,422206871]","[422200236,249400118,422206537,422200377,207500001,422209203,208200025,422219407,367800168,357500007]"
3767,"[422211153,422210557,422203033,422204956]","[100080050,204900145,252500003,422206046,252300017,422204820,422219407,252300033,214600025,422200236]"
5026,"[422211153,208200025,205100467,347800025,422200152]","[422210803,206200005,422211239,219200001,242300005,100070048,208200014,367400004,223000004,422207235]"
269,"[422211153,206800016,200400004,422219399,422219400,422211389,422211446,422203146,100210023,422212870,377400001,211300008,422211231,251900019,308100018,422211606]","[422210803,249500026,219200001,422206452,422202918,422209203,422206046,214600023,422206711,200400003]"
4904,"[422205355,100080053,422204020,422210557,422207378,422205163,100210023]","[422206537,422208906,422211231,100080053,422200236,422200147,204100018,224100008,422206507,351700026]"
5149,"[422205355,422208316,422211680,422206890,422204795,422219150,100540031,422212933]","[100080005,422202918,422211696,422201907,422212525,422209203,422206046,422219407,422206711,241200015]"
4173,"[422205355,200900014,422211538,214000001,422204795]","[422210803,422205355,204900145,208200014,422206046,205100467,214600025,204900013,422200236,422211240]"
4995,"[422205355,422205355,357100004,422204795,100240016,208200021]","[422208316,422207040,219200001,242300005,422208223,367400004,422202918,422211696,422216018,422209203]"
1044,"[422205355,208200025,422200346,205100467,422218629,422202579]","[252500005,100110005,309300015,422202918,422209206,422207385,100330044,422219407,422200236,422200152]"
2894,"[422205355,422200355,422202709,422205621,422203294,422202625,422205670,248700035,422204910,422202569,365000018,205100146,355500010]","[100180080,422218099,100210023,201100338,422208805,422203542,422206648,422214141,358300003,422206043]"
2185,"[422205355,249500026,422206728,422201090,224100009]","[422210803,249500026,208200025,422207027,208200014,422202435,206200063,309300015,422200346,422209329]"
3866,"[422205355,422203933,422206711,422205346,249500028,422220606,211300002]","[422210803,422205355,249500026,422203915,422202918,422208870,422209206,422209203,249500007,100210023]"
6090,"[422205355,206800009,422207050,100180148,371600007,100210023]","[206200005,100080053,208200025,422211239,219200001,100080005,422207812,208200014,422208344,422222706]"
4733,"[422205355,422207812,248700117,422201822,100540031,248700014,248700107,343100005]","[422209262,422217625,422202323,422206922,422207812,422202918,422209206,422211538,100360006,100330044]"
2506,"[422205355,422215527,214600036,422207283,422216416,205100136,100740010,100750024]","[241600002,422200152,422216354,422217972,219200001,422205805,422205355,335300002,367800030,422212870]"
4885,"[422205355,422208807,422210980,231100005,204100023]","[422200355,422211239,200900014,219200001,422202323,208200014,358700006,422209206,422211696,422206728]"
4548,"[422205355,308500004,422203182,318900012,422207655]","[422210803,422207235,422206452,422209206,206800016,422205679,422203700,100210023,308900002,222600057]"
412,"[422205355,422203914,422207789,214600025,422203510,100210023,422204795]","[386000044,422219399,422210948,219200001,422202918,343100043,422210461,422207812,422211696,422211239]"
5226,"[422205355,334900008,200400004,204900159,422207413,318900011,345800028,345800015,367800030]","[422210803,206200005,100080053,249500026,422211239,219200001,100080005,422207812,422208344,214000010]"
4536,"[422205355,422206452,308100013,257100001,100330047,224100008,422226518,422206303,422207017,422210461,343100027,422203512,422210243,249400118,249400018]","[422210803,422205355,422200355,357100006,422211239,422203509,219200001,100070048,422207027,422202323]"
2315,"[422205355,208200025,208200014,327500002,422215804,422211447,422212097,422211878,422208181,204100019,422204906,422202216,253900006]","[422205679,422206871,100240016,100230059,100210023,422214338,213300003,422205635,249500004,418800002]"
2712,"[422205355,422208344,422204777,417000002,205100136,422203979,100540061]","[422202918,100210023,367800030,422214141,422200147,223600026,422205355,422208304,386000018,241200028]"
1120,"[422205355,252500004,422202349,365000013,327500002,422208913,308500015,318900012]","[422212331,422206537,422207807,100760007,100610048,422205355,100210023,252500005,245500001,422200236]"
2938,"[422205355,208200025,100190059,100240016,422202143]","[422210803,422205355,249500026,422211239,422207812,422203206,205100467,211300002,351700026,371600007]"
3050,"[422205355,248700053,256700011,249600005,367800168]","[357100006,422207812,422201907,100220061,422209203,347800025,241200028,422209672,100210023,422204904]"
1078,"[422205355,204900004,201600019,205100146,204900127]","[422210803,219200001,242300005,422207027,422206922,422207812,223000004,206200065,309300015,422209206]"
4188,"[422205355,357100010,357100006,422208344,334900001,100240016,100610004]","[422205355,422211239,219200001,252500005,422208344,422202435,309300015,422209206,422211696,422216019]"
2417,"[422205355,100100001,422215804,249500013,204100078,422201374,211300002,237800005]","[100210023,422202918,318900019,422209262,422211696,422209053,422214256,204100082,422203979,222600057]"
420,"[422205355,249500026,422216019,422211680,422203294,207500001,422200342,224100022,211300007,200500095,256700011,304900016,422212100,422202045,422211501,422208920]","[422206537,422219400,345800027,422204624,422205673,100230059,219200001,422202918,100220035,308100023]"
2765,"[422205355,357100010,206200063,100210014,100220035,308100019]","[422210803,100080053,256700002,422207812,249600045,422208344,422208809,422207235,422202435,206200063]"
1786,"[249500011,422209048,422216602,422209048,422216596,422209045,422209053,422209046,422209042]","[422207027,422202323,422207812,252500005,208200014,206200065,309300015,422202918,422209329,422209206]"
4543,"[249500011,357100010,417000001,100220037,245500009,422202629]","[242300001,422210803,206200005,422205355,249500026,208200025,200900014,204900145,422207812,223000004]"
6023,"[422208815,422210557,422214256,422202586,422209052]","[100210023,422212892,422216018,422214117,208200025,422210803,249600045,422206452,422209206,422214338]"
4501,"[422208815,422211878,422203506,345800002,100610004,320800002]","[422210803,422208316,208200025,219200001,422206922,422207812,252500005,223000004,422206452,422202918]"
3720,"[422208815,422211874,100150059,422204281,204900127,224100008]","[422206470,422200147,422202918,422205806,226200009,422200236,422204657,422200355,422209282,422206588]"
596,"[422208815,100180196,206200063,253900004,204900013,100210023,249500004,100210023,343100029,333900019]","[422212361,422203301,100080053,422207283,422210974,422201725,422200236,422209206,422216018,422207729]"
6142,"[422200355,100080053,422210974,422200840,422203294,422206709,422201120]","[208200025,422200346,422214696,422216018,422201800,318900011,308100023,293500010,422206537,422219400]"
3365,"[422200355,422200355,422208145,422207312,422202625,224200003,345800013,422204795,100610004]","[422200236,422201691,422211239,422219399,422208906,213300005,422200305,422200355,200400038,422219150]"
3032,"[422200355,422211239,422201092,422200002,422201090]","[422205355,422207812,100110005,422202435,422219407,422208975,318900011,204100019,248700042,100230059]"
4907,"[422200355,100180196,100220035,419200006,200400003]","[422210803,422205355,100080050,422207812,422209672,252300033,422210400,422211240,100210023,422210980]"
3606,"[422200355,422211239,422207812,422202253,422208910]","[219200001,422202323,249600045,422202435,422202918,422206046,422210776,211300002,318900002,345800027]"
4857,"[422200355,422211239,422207812,422219407,422212123]","[206200005,208200025,417000001,100100003,367400004,206200065,422202918,422209206,422211696,252300017]"
5412,"[422200355,422211239,422207812,422219407,100210015]","[422200355,422202323,417000001,208200014,386000018,422209329,422201907,422206046,252300017,252300003]"
4574,"[422200355,422211239,422207812,422207428,422216990,422209443]","[422200147,422212123,422208906,100210023,422212892,422209262,204100003,422211309,422205162,422203617]"
402,"[422200355,100110005,422220606,422204795,422201374,208200021,333900019]","[422205355,422202323,422209203,100330068,422203933,358300001,422218099,213300003,422216603,208200021]"
5252,"[422200355,213300029,422204624,249600045,241200028,422210776,422208805,422208115,204100078,422216449,205100136,245500010,422205163,224100009,351700026,308100023,422214146,422209605,422218829,350900001,100760007,422212130]","[422208815,422200355,100080053,422208316,422209184,422217625,422211239,219200001,422204624,100080005]"
6379,"[422200355,422206890,422204906,422208807,418800004,422209420,422209296,422212097]","[100080053,100080005,100100001,206200065,422216433,422200254,100210023,211300002,224100022,422209795]"
4274,"[422200355,100080053,422207378,422207810,422206248,100150059,422210280,422204795,422205673,253900010,100540040]","[100210023,422208304,386000044,200400003,204100003,422204904,204100018,309300015,422219600,422210803]"
685,"[422200355,422211538,201600198,345800027,253900006,204900004,422211809]","[422207812,422203915,422206452,422211696,422209203,205100467,422201800,422210400,100220035,318900011]"
1578,"[422200355,331300024,422206648,422212097,245500009,422203809,256700001,223600035]","[100230056,422211231,413600001,204100018,422209203,100220035,422215296,208200002,422207312,345800007]"
3081,"[100080053,422205152,422200306,422202168,224100009,422201448,422203282,422201691]","[206200005,422209262,422205355,249500011,201600039,204100038,100100003,252500005,422208809,422205321]"
4053,"[206500008,248700003,318900002,211300002]","[249500011,422211239,219200001,422207812,309300015,422206452,422202918,214600023,422201504,422212333]"
4303,"[422208316,422209184,100110005,422214696,422201907,100330047,100330001,256700009,422206648,318900019,224100029,422203776,248700035,204100079,422204167,100150065,422203371,201100040,293500010,422204795]","[422205417,100080005,422207812,422202918,422206046,205100467,422206706,347800030,200400003,422203282]"
1530,"[422201055,422216018,422207312,422205164,204100054,422200147]","[223000004,100330055,422212361,201600039,343100005,205100136,248100018,422211183,100220035,318900010]"
2511,"[422209375,422207040,256700002,422207200,422200342]","[422209203,422211231,335300002,204100018,100230056,256700001,422214311,422207495,100220035,422202323]"
2310,"[252500004,100180196,214000010,422206452,365000015,422216416,253900004,422206103,318900012,422214146,249500013,422207161,422207808,245500009,422200236,308100019,367800153]","[100220035,422212123,422218099,422210803,422207027,100830002,422200147,422211186,422203617,422202421]"
3036,"[252500004,422213083,422218785,422205066,245500001,422205806,308500013,422200305,422205808,222600030,386000008,422204775,318900002,422204787,358300002,357100004,422204914]","[422208316,219200001,422204624,422202323,204900145,386000018,309300015,422214696,422209206,422211696]"
4560,"[252500004,422207027,422208223,422202918,422209206,422211696,422203206,422209203,422206046]","[422209262,208200025,422211239,219200001,422207812,422211627,386000018,422209206,422211696,422209203]"
4764,"[252500004,422207027,422208223,252500003,422207615]","[422209262,219200001,422206922,208200014,422208870,422211696,422209203,422215296,422210003,422201798]"
1729,"[252500004,422202918,422202918,422202918,422209206,422203206,422209203,252300017]","[422209262,100080053,422202323,422207812,206200065,422202522,422209206,422211696,422209203,422206046]"
3389,"[252500004,422205978,100110005,387400008,226200007,211300002,222600014,422209605,224100009,422206806,249500019,213300003,422208181,422209443,422209444]","[422206823,241600002,200400003,422207161,100210023,422211239,422216594,343100029,422200236,201600019]"
1779,"[252500004,204900005,422207413,249500028,422214012]","[422210803,208200025,204100038,422207615,422206452,334900012,422211696,422202747,422206046,100330001]"
5251,"[252500004,422209184,208200025,422204624,422202918,422207312,422204231,422206648,422211447,422204259,422202045,223600035,249500028,223600026,422203617,245500001,422212100,422209444,422204795,318900005,224100007,100830002,422200147,100610004]","[422211239,205100467,422205152,345800007,422203206,422207808,422214383,367800030,422209262,422219315]"
4814,"[422207040,422209635,345800003,422204231]","[335300002,100220035,422206452,100210023,204100079,422207414,422208805,204100018,422203146,422218099]"
4999,"[422201788,422201788,367400004,422214696,422210412,422210412,347800025,422201800,422206890,422202342,422202342,422204818,347800036,422208798,422207414,223600035,213300005,249500002,422204775,231100005]","[422212892,422208223,100210023,253900004,335300002,318900011,249500013,422210803,248700003,204100018]"
5694,"[422201788,204100054,204900004,345800003,422217480,100180148,204100003]","[201600039,422215805,422211239,219200001,100080050,367400004,422205621,205100136,100210023,308500037]"
1637,"[422201788,422201800,100230070,211300002,320800002]","[206200005,100080053,208200025,219200001,422216286,422208344,334900008,422211696,422209203,422204811]"
5901,"[357100010,213300029,100080050,422203807,200400004,365000020,422210784,422202362,422209443,422205629,422214311,422204688]","[422211239,320800002,213300005,223600026,422206588,318100027,422203992,204100019,213300001,422211696]"
3923,"[357100010,100180196,422204777,422212333]","[422211696,422205160,318900019,367800030,100080005,241600002,422212123,422204787,422209206,343100043]"
6159,"[357100010,422203509,100180196,422203294,422209672,422202625,422216789,422201374,422203145,422216271,422203173,422204027,371600006]","[224100008,367800168,100220009,318900009,422204775,422207027,208200014,422212870,224100019,422211696]"
4627,"[357100010,422209184,248100018,100230064,422202253,422214672,422203146,243300007,256700011,422204795,232100001,422207108]","[223600026,208200014,100760009,100230059,422205460,422206648,422202334,422209458,256700020,100110005]"
2754,"[357100010,219200001,422216018,100540031,422200147]","[219200001,422207615,422209203,422201800,100210023,100230059,100230064,365000020,422201090,248700075]"
2103,"[213300029,249500026,422204777,422206248,205100136]","[367800058,422211696,213300007,422206346,422209206,100230056,422210400,100230059,422206102,223600058]"
2265,"[213300029,422214696,422216594,422219400,422207413,422203145,226200018,318900009,422219399,422209457,100610004,320800002]","[422207312,100360006,422203609,422212331,248700053,422210803,422217972,399200001,422211696,419200006]"
570,"[213300029,249500007,422211447,253900003,422206583]","[422209203,205100467,422219407,205100136,422206537,222600014,422209206,422202323,422209282,422206452]"
540,"[357100006,422215805,208200025,249600045,206800016,422212871,422207150,253900004,422216271,422206972,422218101,422206823,422216295,422222535,249500013,256700020,422219286,422211115]","[422210803,100070011,422211153,249500011,357100006,422215805,422206507,422211239,422203509,219200001]"
324,"[357100006,100210014,422211640,100210020,422202569]","[422207235,422209206,422203933,200400003,100210023,371600006,253900005,204100018,248700054,100610048]"
233,"[357100006,248100013,422211501,248100018,318900002,422209282]","[422205355,422207027,422202918,422209206,422211696,252300037,422200152,205100136,422206648,100210023]"
318,"[201600039,422219882,422223941,201600166,422221764,100160022]","[422215805,208200025,422211239,422203509,219200001,422207027,204100038,422206922,241600002,249600045]"
2553,"[201600039,204900004,201600019,204900010,100150041,422210980,422208981,422214672,422221764,422216416]","[422207325,422210803,206200005,422205355,422208316,422209184,249500026,422211239,100080050,422204624]"
6042,"[201600039,345800015,318900012,100540031]","[422209053,422202580,219200001,367800030,422210957,343100043,207500002,386000044,100180080,422204902]"
1553,"[249500026,422211231,100760009,422209469]","[422207325,422205355,219200001,422207027,100080050,213300012,201100257,422202918,213300001,422209206]"
742,"[249500026,422206101,206400019]","[422211239,422209206,100220035,100210023,343100029,422211231,422218350,335300002,343100043,422203206]"
674,"[249500026,208200025,201100257,422207312,100230069,207500002,223600035,422207414,205100146,422214146,422216449,345800009]","[422210803,422209262,422205355,100080053,422207040,249500026,208200025,422211239,422204624,422216286]"
2515,"[249500026,361900003,355500010,237800005,308500004,204900005,304900016,422210980,345800007,204100019,422205163,100160022,249500007,422205819,422202253,253900003,422200632,232500001,100220035,253900009,377400001,318900010,422209444,422203617,249400129,331300030]","[205100136,201100338,422206644,422203206,100210020,422206537,422205355,422208344,422211239,208200025]"
3900,"[249500026,422216019,422216018,422207312,245500009,422206648,100830002,287100002]","[422210803,201600039,208200025,100180186,252500005,422208344,422202918,422209206,422211696,252300017]"
3401,"[422205417,100180089,422206706,422202745,204900009,204100082,100180080,100210023,422214340,253900010,100180113,422208242,422207729,422204956,422212446]","[422202522,422211239,422202918,422204775,422202323,422210803,249500004,100180080,204900005,422219400]"
4282,"[422205417,100210023,422202580,422219600,100610004,422222577]","[422210803,208200025,422206452,422211696,422209203,422206648,365000015,422207413,345800007,293500010]"
4725,"[422217625,242300005,422203704,422202435,371600006]","[422210803,422208316,422211239,241600002,208200014,422206588,422207235,422209206,422211696,422216018]"
1062,"[208200025,204900145,422204777,422202709,422208913,222600014,422201700,318900019,293500050,100210023]","[422206922,422207812,208200014,422202918,422216018,422209203,308100016,422208805,253900006,200400003]"
3100,"[208200025,100210015,422214146,100210023,422209795]","[422211239,422202323,204900145,252500003,422214696,422209203,422204811,422202342,422200254,422200236]"
268,"[208200025,417000001,201100257,224100002,249600005]","[249500026,100100001,422202918,422208870,422211696,205100467,252300017,100210023,253900005,418800002]"
4301,"[208200025,361900003,422203294,422202625,318900012,422208913,422216896,100610004]","[206200005,422205355,208200025,422211239,201100257,422205242,422203704,422207615,422209206,422210776]"
4460,"[208200025,422209203,386000015,327500002,100220035,308100018,422200377,422204231]","[422209262,252500004,422211239,422206922,422207812,252500005,422209206,208200002,422209203,422206046]"
2571,"[208200025,422204777,334900008,422211446,422203301,357100011]","[201600039,422209206,211300002,358300001,422208807,422209053,422216449,358300003,100220037,422203143]"
2030,"[208200025,208200025,422204818,205100137,204900013,318900012,358300003,231100005,318100027]","[422210803,422205355,249500026,422211239,100070048,422209672,422219407,252300003,422211183,205100136]"
284,"[208200025,422211878,422207283,422201700,367800011]","[422205355,208200025,422211239,100080005,422207812,422202918,422209206,422211696,422209203,422206046]"
1363,"[208200025,100180196,206200028,206200058,205100137,422203809,256700011,422201374,345800015,100540031,100740010]","[422200147,422210803,335300002,422211239,204100018,204100070,100220035,422206452,100760007,422210957]"
1630,"[208200025,100270008,204000059,100750038,224100009]","[100080053,422209329,422211696,422218083,347800030,205100136,422208181,422210980,211300002,243300007]"
6285,"[208200025,422202918,422216018,418800002,100220035,222600016,213300007,208200021,100610004]","[422210803,100180186,252500003,422204818,422203933,422200236,100220035,100210023,422210980,422204904]"
776,"[422206507,303700002,422214338,422210776,251900019]","[422200355,100080053,422211239,219200001,100070048,422204624,100080005,204900145,100100001,422203992]"
4355,"[422206507,204600015,211300007,422201123,318900012]","[422211231,422207812,100210023,204100082,422204884,422205355,422203915,205100136,422207283,358300002]"
2181,"[422211239,422202918,422216018,422215296,422207629,422211195,100750038]","[320800002,422209206,422211239,422209262,334900008,422203033,422205242,422207027,204100079,200900014]"
1092,"[422211239,422214134,422211183,418800004,422212333,422214311]","[422211153,422205355,422217625,422211239,100080005,422206922,422207812,422208344,358700006,422209206]"
396,"[422211239,237800005,422222900]","[100080053,422211239,422207027,100080005,241600002,422211696,378200004,205100467,422211186,422205460]"
4714,"[422211239,219200001,100080005,422207812,422202918,422211436,308500009,422200236,422204795,204100019,204100070,422200147]","[248700054,422215296,422204820,200400003,100080005,422216433,204100018,100220035,248700055,343100029]"
170,"[422211239,331300023,422207812,249500027,422201354,422201369,422204956]","[100080053,422204624,422208344,206200028,422207615,422209206,422211696,422201907,422206728,422203206]"
2298,"[422211239,422205978,422211183,204900013]","[422200355,208200025,422201907,422212123,253900005,422209053,248700072,422211446,422206346,335300002]"
3371,"[422203509,253900006,422206043,100240016,100210014,422207807]","[422215805,252500005,422208344,100220035,100210023,222600006,204100019,422203302,204900005,213300003]"
1937,"[331300023,248700027,331300002,248700054,422211276,248700034,248700003,248700055,248700052,248700001,248700002,248700074,248700032]","[422208316,208200025,422211239,417000001,204900145,208200014,206200065,422202435,422206452,422202918]"
3424,"[331300023,213300012,211300002,345800001,422200152]","[100080053,201600039,219200001,241600002,422207812,100100003,206200065,422207615,422209329,252300017]"
6170,"[331300023,422207235,422200377,100150091,100160022,422216416]","[422201822,206200005,248700014,422218099,318100027,422206537,100070048,422202636,367800058,422206583]"
1575,"[331300023,219200001,219200001,100070048,204100038,100190072,422208809,223000004,241600004,100850002,378200004,422216019,347800025,214600011,100330068,422217132,228900005,347800036,100330055,214600025,100230069,248700069,248700084,298300021,298300021,422217488,422201121,422201121,279100044,413600001,413600001,209600011]","[242300001,422210803,206200005,422209262,100070011,422211153,422205355,100080053,422201055,252500004]"
1600,"[219200001,422202918,422216018,422204795,335300002]","[418800002,100220037,422200236,211300002,422204657,422208238,422206583,422207414,213300003,100210023]"
3800,"[219200001,422216018,422219407,100230056,422203146,206200037,422208157,422203609,100220035,377400001,422200147,100610004]","[422207027,422202323,241600002,208200014,422209206,422211696,422201907,208200002,422216018,422209203]"
2665,"[219200001,422202918,422216018,422200236,422200147]","[422205355,422215805,422202323,422209206,422211696,422216019,422211538,422210003,422205460,241200015]"
3008,"[219200001,422205621,100230057,256700011,249500007,422207815,422200147]","[422211239,422212361,100610048,205100136,422200147,422209206,213300005,422209458,422200236,208200014]"
4916,"[219200001,422202709,308500018,200400004,422200236,204100019,422200147,249400246,249400129,249400018]","[422206507,422211239,219200001,242300005,204900145,422207812,422204691,100110005,334900001,422202435]"
3240,"[219200001,308500015,422200236,422200147,335300002]","[422211239,206200065,422202529,422202918,205100467,422200236,422206648,422208974,318900011,318900009]"
2302,"[219200001,422202918,100230057,422200236,422200147,335300002]","[422205355,422211239,100080050,422207812,422208344,358700006,252500003,309300015,422202918,422209206]"
5931,"[219200001,422216018,100230059,308500037,422200236,422206537,422200147]","[100080053,422211239,219200001,422202435,422211696,422206728,422207755,422216018,422209203,422204811]"
1800,"[219200001,422202918,422216018,204100019,308500037,422200147,335300002]","[357100006,422207812,201100257,422203704,309300015,422207615,422202918,422209206,422207200,422212525]"
2131,"[219200001,422216018,100230064,422200236,422200147]","[422207812,422202918,422211696,422201800,252300017,422219407,252300003,422200236,100210023,249500013]"
3278,"[219200001,422216018,422200236,100230056,422205162,422200147]","[422204691,422209206,422209203,422210776,206800016,422202342,422200236,100210023,249500004,422219400]"
629,"[219200001,422216018,422205160,204100054,422200147]","[422210803,422211239,422214338,422203206,422210003,224200003,422208805,100210023,224100019,100210020]"
2932,"[219200001,422216018,308500018,422200236,422206537,422200147]","[422204624,204100038,422208809,100110005,252500003,422202918,422209206,422211696,422206470,241200016]"
1869,"[219200001,422202918,422216018,308500015,422206537,100230059,422200236,422200147,335300002]","[422210803,206200005,249500026,422207812,208200014,422202435,309300015,422202918,422202522,422211696]"
5036,"[219200001,422220469,318900012,245500009,204900013,357100011,100180113]","[422211239,100220035,422209206,252300033,422202421,422214117,228900005,100210020,422204787,422210400]"
3062,"[256700002,422204811,217300001,100750038]","[249500026,248700075,422219407,422212871,204100003,422211501,219200001,422210146,422210803,201600141]"
2838,"[100070048,241600001,248100018,422203776,318900011,100610004,100610004]","[219200001,248100018,422206346,207500002,422209458,422204904,422206046,422206537,422211240,357100011]"
4044,"[100070048,412600001,347800030,207500001,224100001,422209444,253900005,100220035,345800015,422209443,343700002,253900006,223600026,318900005,343700002,211300002,232100001]","[100080053,422208316,204900145,422209206,422201907,422209203,422218785,241200015,422200152,422201504]"
3359,"[422207027,206200065,422211627,422211624,318300002,422216018,422211538,217300001,205100137,422212097,422204028,422203510,422210047,422203776,422203300,211300007,422203609,223600036,253900004,318900002,422212097,318900005,100750038,223600058,327500002,422204167,333900019,422208334]","[422216594,204100018,422214141,223600026,241200015,422200147,208200014,335300002,422220606,422205635]"
5133,"[422207027,252500005,252500003,422207615,422202918,422203206]","[206200005,422211153,422205355,357100006,249500026,208200025,422202323,422207812,100180186,422208344]"
5253,"[422207027,252500003,422207615,422202918,422209206,422211696,422203206,422209203,422206046]","[422205355,422211239,422208223,422200236,205100136,100210023,100150059,100230059,249400118,422206537]"
5770,"[422207027,252500003,422209206,422211696,422209203,422206046,422205679,252300033,252300037]","[422211239,219200001,100070048,100080005,422206922,249600045,208200014,367400004,100100001,422202435]"
4073,"[422207027,422208223,252500005,252500003,422207615,422202918,422209206,422211696,422203206,422209203,422206046,252300017]","[100080053,204900145,422204691,206200065,201100257,422202918,422209206,422211696,378200004,399200002]"
850,"[422207027,422208223,252500003,422207615,422202918,422209206,422211696,422208304,422203206,422209203,422206046]","[422211239,219200001,422207027,241600002,422207812,100180186,206200065,334900001,422214696,422209206]"
2429,"[422204624,361900004,308100016,422207562,237800005]","[422210803,357100006,208200025,422208344,422218083,422210412,252300017,422204820,200400003,100210023]"
3586,"[422204624,100080005,214000010,334900008,422206188,250900001,422202342,245500010]","[422200236,422211239,422203301,422206101,100110005,100610004,219200001,422205242,422206871,249400129]"
5559,"[422204624,256100002,318900005,204900013,422203979]","[422208316,357100006,422201212,422202323,422208809,422205321,422203915,100110005,422207615,422202918]"
77,"[422202031,204900056,204100019,377400001,308100019]","[422207027,100080050,422204691,422203992,100110005,309300015,422206452,422202918,422209206,422207495]"
5431,"[422202323,422211276,308900002,213300064,253900009,222200007,358300001]","[206200005,422209262,100080053,357100006,422211239,219200001,242300005,100070048,422207812,367400004]"
2891,"[100080005,422206648,217300001,211300007,422206346,208200021]","[219200001,422209329,422212123,205100136,422210980,422203173,422203301,422217972,422216354,204100070]"
4099,"[422208223,252500003,422207615,422202918,422202918,422209206,422209206,422211696,422203206,422209203,422205679,252300033,252300037]","[204900145,208200014,422209203,100210023,422204775,343100024,100230059,422219400,253900009,422200147]"
3622,"[422208223,422202918,422209206,422209206,422211696,422203206,422209203,422209203,422206046]","[422210803,422211239,256700002,422207027,422207812,422202349,241200016,214600025,422206469,205100136]"
2251,"[417000001,422208807,422207020,422216605,422208238,343100041,343100029,422206541,422201725,422212130,422207017]","[422200355,422208316,422215805,249500026,422211239,219200001,100070048,422204624,422202323,422216286]"
1696,"[417000001,422222706,422205770,422210557,422206537,422203302,204900013,377400001,422209094]","[249500011,100110005,422211696,100210023,253900004,100850002,422209206,422201700,422201120,224100008]"
2291,"[417000001,422201169,422206728,231100005,422207413]","[422209262,422211153,422205355,422207812,422204691,100110005,422207615,422209206,422218083,422207495]"
2843,"[417000001,422201169,422207755,422203933,422208805]","[422210803,422211153,422205355,422211239,422207027,422202031,100080005,249600045,208200014,422222706]"
1682,"[417000001,205100467,335100004,100610004]","[422200236,367800011,320800002,358300001,308100023,225200013,100210023,100230057,367800058,223600034]"
6265,"[417000001,204900128,204900159,223600034,100540031]","[357100006,422211239,219200001,422201212,422207812,422203992,201100257,422202918,422207495,100220061]"
4031,"[422206922,386000018,422206452,422202334,100180113]","[100100001,422206046,422212123,100220035,100210023,224100022,204100018,320800002,422210803,422206346]"
4525,"[422206922,206200065,205100137,422203449,100240016,422204795,422209458]","[422210803,422209262,422211153,422205355,100080053,422208316,422209184,208200025,422211239,422206922]"
6415,"[241600001,256700011,308900002,422203809,422211489,224100009,100830002,308100019,249600005]","[201600039,422207812,422208344,252500003,100850002,422211696,422209916,422209203,422205621,252300017]"
4389,"[422216286,422210146,293500050,422207413,345800028,204100013]","[206200065,205100467,205100136,100220037,222200007,422205164,343100043,249400018,422207152,422200355]"
2657,"[422216286,422204691,422209699,422201725,343100024]","[422211239,422208223,204900145,208200014,422222706,252500003,422206046,422208871,252300017,422219407]"
1572,"[241600002,365000015,248100018,204100003,422205820,422216603]","[422202323,100080005,100180186,248700027,422209203,422216433,204600015,422209672,100210023,422210980]"
3620,"[241600002,100180186,241600004,100220061,204000071,100280011,264500018,213300007,345800002,224100019,211300002]","[422209262,422205355,422207040,422211239,422216018,205100467,100330001,422210003,422205679,422202346]"
5470,"[241600002,422206588,358700006,422202342,211300002]","[422210803,422200355,422207040,422211239,200900014,422207812,367400004,248700027,422203704,422207615]"
4685,"[204900145,422203901,422222535,422210280,308100019,422207166]","[320800002,204900159,100210023,422210776,422204884,422206346,355900001,100610048,204100003,213300005]"
1426,"[204900145,422205164,422203809,422204231,204900128,422217292,204900013,345800001,100610004]","[335300002,422219400,422200147,422211239,308100018,219200001,100220035,422202918,422214338,100830002]"
2041,"[204900145,223600010,422203321,224100009,213300094]","[422210803,100080053,422208316,201600039,100070048,100080005,422216286,208200014,206200065,422211696]"
5357,"[204900145,422204809,422211446,422204904,422210445,224100009,100610004]","[422209262,219200001,422207027,422208223,367400004,201100257,422209203,100220035,100210023,343100024]"
2346,"[422207812,206200065,422208321,422202918,422206728,223600026,232100001]","[422210803,422217625,208200025,219200001,100080050,422206922,422207812,422208344,334900001,422207615]"
2172,"[100180196,422203700,100160021,211300007,422207629]","[422219882,422209206,422206046,422200152,422206035,243300007,422217972,222600006,422215804,204100070]"
5176,"[100180196,422205164,422216594,422214146,422206346]","[422209262,422200355,100180186,422206728,256100002,248700117,347800030,422212123,422200236,422203617]"
4378,"[100180196,422203617,100230069,100210023,422200236]","[249400018,422209933,422205160,335300002,204100018,100760009,422207729,200400003,371600006,422210803]"
2301,"[100180196,422211878,100610048,422207108]","[422206537,100100001,100230059,351700026,343100043,367800030,422201800,422216018,224100022,213300007]"
1571,"[100180196,422203645,422206102,422205635,100540061]","[422210803,422209262,208200025,422211239,100100003,252500005,201100257,248700027,422209206,422211696]"
5870,"[100180196,422216018,399200002]","[100210023,422205162,422212892,100110005,205100136,422210400,243300007,422211240,204100003,422207283]"
3385,"[422223247,208200002,293500006,422211447,204900013,100240016,422202421,422208972,371600007,100760007,320800002]","[422210803,219200001,100080005,422207812,249600045,208200014,422208344,422204691,252500003,422200346]"
3619,"[100100003,100100003,422207428,422210454,205100467,249500027,422205820,422203145,422210957,422209933,422204864,422215904]","[422210803,206200005,100080053,208200025,422206507,422211239,100080005,249600045,208200014,422205321]"
5375,"[252500005,252500003,422207615,422202918,422209206,422211696,422206046,252300017,252300017,422205679]","[422210803,422205355,100080053,249500026,422211239,219200001,256700002,100070048,249600045,208200014]"
824,"[208200014,422204777,257100001,422203206,347800025,227900008,422214146]","[204100018,422206452,422200152,422202918,249500011,343100024,422211538,224100008,422209672,422216594]"
4459,"[208200014,422216018,422218746,224100009,308100019]","[367800058,100220035,422210803,422200236,422209203,422207400,422214147,422202629,335300002,100830002]"
2889,"[367400004,422202918,422216018,422203494,343700002,422206537,422200147,204100064,343100043,100750024,100610004,335300002]","[206200005,204900004,422206101,367400004,422200346,422212361,219200001,422207736,207500002,422207413]"
1898,"[422208344,201100257,422218083,422216416,201100338]","[422205355,422202323,223000004,334900001,422202918,422209206,422211696,422211538,205100467,422205679]"
2956,"[422208344,214600023,204100003,422220469,422206248,422216594]","[422200355,422208344,422219882,422209206,422210454,422204820,241200015,252300033,422200236,253900004]"
5008,"[213300012,422211446,100220009,308500018,100750038,223600035,224100009,100760009]","[100080005,100110005,422202918,252300017,422206711,422200236,205100136,100210023,308500037,318900002]"
4742,"[422204777,422203145,100220035,422204902,248700014]","[208200025,422211239,422207027,422202323,422207812,100100003,100100001,100110005,422207615,100850002]"
3245,"[422204777,318900002,100230059,249500007,422204027,318900012]","[422200236,422209916,422218785,204100018,422211696,252300033,205100136,204900004,308100023,418800004]"
1576,"[422204777,248700003,248700002,248700075,248700074]","[422209262,100080053,256700002,204100038,248700027,422202435,422210974,422209203,422204811,204600015]"
5400,"[422204777,248700034,248700102,248700055,248700002,248700003,248700057,248700075]","[422210803,206200005,422209262,422205355,100080053,208200025,422211239,422202323,422206922,100180186]"
4259,"[422204691,318900005,249500027,318900011,318900009,100540031,308100019]","[422210803,219200001,422209206,308100023,358300001,422204659,201100040,422209045,249400018,100210023]"
5507,"[422208809,422210557,422215527,422202342,422202346,422209635,318900012,200400003,422200002,422203182,256700011,343700002]","[318900005,422226518,200500095,422202522,422206046,422206711,422207729,422204775,422204914,422204956]"
4895,"[422208809,422209443,422214146,422206346]","[422209262,422211153,422205355,241600002,201100257,422211696,422208304,422214338,422216018,422209203]"
4171,"[100100001,422210776,422210003,422207378,422201374,249500004]","[422211153,422205355,422211239,219200001,422207812,358700006,422208304,200400003,422211183,100220035]"
5377,"[100100001,422202624,211300007,256700001,371600006]","[208200025,219200001,208200014,367400004,422206452,422209329,422212123,249500007,100220035,100210023]"
5225,"[206200065,422211997,422211878,204100054,422214343,205600318]","[422208316,422211239,422202323,100080005,241600002,208200014,100100001,422216018,100330068,228900005]"
3784,"[206200072,422212892,422204884,248700034,422211226,343100027]","[422206046,422221911,248700076,422211239,293500043,422204775,248100018,422211696,422210454,422216354]"
5268,"[422205321,253900004,100230064,422209053,422208913,422208327]","[422211153,422211239,100080005,422222706,422203992,422202918,422206046,422206711,200400003,205100136]"
2485,"[422203992,422201169,422216018,422215296,422200254,422210280,422200152,248700057]","[422209262,249500011,422200355,422208316,422207040,422211239,219200001,422207027,223000004,422211696]"
5665,"[422203992,213300001,100230057,100210023,345800027,422208974,422206648,422211447,422205053,100210015,419200006,213300094]","[422209206,422209203,309300015,213300064,205100136,204100018,422207383,206200005,100210023,422200236]"
859,"[422203992,204100018,204100078,204100054,422207283,308100019,422207152]","[219200001,241600002,206200063,422207312,100220035,100220010,422217488,100830002,223600035,422209206]"
3397,"[201100257,422209663,213300064,357100008]","[422210803,422211153,422208316,201600039,200900014,219200001,422207027,100080005,422200346,422209206]"
1207,"[422215744,422219882,422200840,422204818,422209094,422208181,225200013,358300003]","[206200065,422204818,422200236,318900002,422204775,213300064,422203809,422207417,367800030,201600019]"
3832,"[422205242,422206043,100230070,318900011,422220466,422214147]","[422207812,100180186,206200065,252500003,422208304,252300017,422212123,422200236,100210023,211300002]"
4572,"[386000018,256100002,422208805,422217292,318900002]","[241600002,343100005,422205164,335300002,252300017,367800011,100210023,422209933,293500010,100070011]"
2331,"[248700027,422202747,248700117,422202745,248700035,248700058,248700042,248700075,248700052]","[242300001,422210803,206200005,422209262,357100006,201600039,208200025,219200001,242300005,100070048]"
6188,"[241600004,303700002,100230057,422203807,422207413,204900127,200400038,343100029,224100019]","[422207812,422209916,422209203,422219407,422210980,100220009,248700054,100230059,422211231,422219399]"
5338,"[422202435,213300093,211300007,248700032,333900013]","[100080053,422207027,100110005,422209206,422211696,100220035,100210023,418800004,100220037,100210015]"
1974,"[309300015,309300020,422209048,422207414,100180113]","[422200355,422202323,252500005,205100467,422204884,205100136,422216354,422207020,422206102,422203302]"
4392,"[422202529,422201800,422207378,214600036,241200015,204900159,204000071,205100136,422215665,253900007,422201374,422200147,100760007,367800049]","[422207755,422202522,335300002,320800002,422209045,422200147,422204657,422220606,100180080,422211696]"
4793,"[422202529,422202346,422203321,308100023,422214044]","[201600039,422207812,422209206,422210776,422219407,232100001,386000015,204900005,343100029,422211696]"
2939,"[422208034,422206728,422202580,204900010,422202629]","[205100136,248100018,422206823,422202918,422210980,100230059,249500004,422207729,422204775,279100044]"
6305,"[422202918,422216018,422205164,204100019,422200147,335300002]","[206200005,422209262,422207027,241600002,422208344,422209206,241200015,422200236,422200152,205100136]"
2772,"[422202918,422216018,204100054,422200147,335300002]","[219200001,422211696,422206728,422209203,422216433,100360006,422209672,422211241,100220035,100210023]"
2520,"[422202918,422216018,308500018,422206537,422200236,422200147]","[422210803,422205355,208200025,242300005,252500005,358700006,422202918,422209329,422208304,422209203]"
1751,"[422202918,422216018,422206537,422200147,335300002]","[422204624,100080005,208200014,205100467,422208805,252300037,100210023,224100008,308100023,422203146]"
6412,"[422202918,422216018,422206537,422205162,422200236,335300002]","[422210803,100070011,422204624,422207812,206200065,422206452,422202918,422200346,422203206,422212525]"
880,"[422202918,422216018,422205160,422206644,204100054,217300001,422200147,335300002]","[422210803,422207027,241600002,422207615,422209206,378200004,331300024,214600023,422204820,422206711]"
2545,"[422202918,422216018,422205160,100230064,422200147]","[422210803,422211239,422202918,422209206,422206046,422218785,100210023,226200018,222600052,422206346]"
5125,"[422202918,422202918,422202918,422209206,422211696,422208304,422203206,422203206,422209203,422209203,422206046,422206046]","[206200005,422200355,422206452,422202918,422208805,422200236,422208975,422214044,418800004,249500004]"
285,"[422202918,422209206,422211696,422208304,422203206,422209203,422206046]","[422209206,422205621,252300017,100360006,422200236,100210023,422204904,204100013,422206537,367800030]"
578,"[422202918,422209206,422211696,422209203,422206046]","[422210803,422205355,422217625,422211239,200900014,422211696,422206728,422212123,100220035,100210023]"
4435,"[422202918,422209206,422211696,422203206,422209203,422206046]","[422202323,241600002,208200014,213300012,422204691,422207235,206200065,422203992,386000018,422209206]"
2632,"[422202918,422209206,422211696,422203206,422209203,422206046]","[422210803,204900145,367400004,422207235,386000018,422206452,422209203,422205679,422202342,241200015]"
1885,"[422202918,422209206,422211696,422208304,422203206,422206046]","[422211239,422202918,422209206,422206046,422204818,422210980,224100008,357100011,422204775,422207729]"
1136,"[422202918,422200346,422211696,422200152,100610004,320800002]","[422205355,422200355,422208316,208200025,422216286,208200014,100100001,100110005,422211627,422202918]"
849,"[422202918,422209206,422211696,422209203,422206046]","[422205355,201600039,204900145,422202918,422211696,422208304,422201800,100330068,422202342,241200016]"
923,"[422202918,422209206,422211696,422203206,422209203,422206046,422206046]","[206200005,256700002,422207812,422208344,206200063,422211696,422218083,422209203,252300017,100330044]"
5990,"[422202918,422209206,422211696,422208304,422203206,422206046]","[422209262,422211153,422200355,357100006,201600039,422201212,422208223,422207812,252500003,422207615]"
1914,"[422202918,422209206,422211696,422203206,422209203,252300017,252300017,252300003]","[206200005,422208316,357100006,422211239,367400004,422208344,422202435,422209203,422204811,252300017]"
5742,"[422202918,422209206,422211696,422209203,422206046]","[422211153,208200025,422211239,422207812,422216018,422206046,205100467,422200236,100220035,249500013]"
5558,"[422202918,422209206,422211696,422203206,422209203,422206046]","[422210803,422205355,100080053,422211239,219200001,422207812,100180186,422203992,422211696,422203206]"
5174,"[422202918,422208304,422203206,422209203,422205679]","[100080053,422211239,100110005,252500003,422208304,422206728,422209203,422211538,422207312,422200236]"
4599,"[422202918,422209206,422211696,422203206,422209203,422206046]","[422210803,206200005,100070011,422208316,201600039,422211239,219200001,242300005,422201212,422207027]"
4217,"[422202918,422209206,422211696,422203206,422209203,422206046]","[422210803,206200005,100080053,422211239,256700002,422207812,367400004,422202435,422208304,422206728]"
6082,"[422202918,422209206,422211696,422203206,422209203,422206046]","[422211153,422205355,422215805,204900145,367400004,422222706,303700002,422202918,422209206,100330068]"
3734,"[422202918,422209206,422211696,422203206,422209203,422206046]","[100080053,422205417,219200001,422202918,422209329,422211696,205100467,422201800,422219407,422200152]"
4295,"[422202918,422205770,225200013,422205163,422211241,100230059,100750038,422200147,335300002]","[422210803,100110005,422202918,422209203,422205679,422204820,422219407,422200236,100210023,249500013]"
167,"[422200346,252300017,422205679,252300033,252300037]","[206200005,100080053,422206507,422211239,100080005,422205242,248700027,422202918,100850002,422209206]"
3229,"[334900012,422216019,422216018,422207816,204600015,422213312,422207736]","[422205355,100080005,422206922,422216286,252500005,422208344,422205242,422202918,334900012,422209206]"
3402,"[422209329,422204259,422208807,422206648,422204947,422205053,422217292,422201374,224100009,345800003,100760009]","[201600039,204100018,422206537,422202636,204900005,422200152,422211183,100210023,422211239,224100008]"
4808,"[422202522,379200009,422216433,422200306,422204028,251900024,422216416,422211231,422204231,371600007]","[252300017,100830002,422211153,422200236,248700076,100210023,422204691,207500001,422210803,318900010]"
5707,"[213300001,422211447,224100022,213300007,100220035,343100024]","[422200355,100080053,422207812,206200065,248700027,422207615,422211696,422206728,422206046,422208871]"
210,"[334900008,422201800,422204818,222600052,211300002,422203979,100540031]","[357100006,249500026,208200025,422211239,204100038,417000001,422207812,100100003,208200014,206200065]"
1775,"[417000002,308100016,249500019,422209636,422208181,100610004,100610004,100610004]","[100210023,422210803,422206346,422200147,249500004,422214338,422204659,422200236,422204657,422206537]"
5706,"[422202747,248700042,422211276,248700052,248700084]","[422210803,422211239,422207812,422202435,100330047,252300017,422205679,224100009,100210023,422203617]"
2189,"[422201907,422210047,204900009,422204775,422204231,422207736]","[219200001,206200065,303700002,399200002,205100467,422207413,422202636,422215904,211300002,422200147]"
169,"[422202709,422203300,100230059,422213292,343100005,248700109,422210243]","[422211696,100080050,343100043,252300037,422207816,422213312,367800058,100100001,422203645,422208316]"
113,"[422202709,358300003,343100043,422214383,249400118]","[422209262,252500004,422211239,100070048,422202031,204100038,422209206,422206728,226200026,422209203]"
1921,"[422214338,213300058,367800153,367800168]","[422210803,422209262,208200025,200900014,422203992,422205621,308100016,422204818,422200236,205100136]"
4839,"[422214338,343100029,293500010,422208906,422209282]","[219200001,100080005,205100467,422203933,204100070,201600141,308500018,253900009,422209636,422200147]"
4701,"[422201169,422211538,422207384,100610004,320800002]","[100210023,204900159,298300021,422209206,422218350,205100467,249400018,422206046,422205164,100230057]"
6092,"[378200004,378200004,204100019,422205160,204100018,293500050,422200236]","[206200005,422206537,100360006,422200236,422206922,422209203,422200147,242300005,422205355,204100070]"
5634,"[422209916,100330068,422210711,422204657,293500050,204100003]","[422200355,201600039,422215805,422211239,422204624,422200346,422214696,422209206,422211696,422207495]"
4267,"[422206188,422201120,422207283,318900019,422211240]","[422209262,100070048,422209203,422206046,206800016,422212123,422200236,249500007,100210023,422210980]"
1743,"[318300002,308500009,422203809,422211446,213300003]","[422218099,100210023,422211446,422206346,204100018,357100004,422215804,343100043,422200147,293500043]"
34,"[422205770,422210557,422216293,100210023,422208859]","[422206046,422200355,205100467,422206346,422219407,422207655,422206648,422209053,357100011,320800002]"
725,"[226200026,241200028,204100054,422203143,422208181,422219315,422206513,422205635,253900005]","[422210803,249500011,422211239,422202323,422206922,252500005,208200014,367400004,223000004,252500003]"
1899,"[422216018,308500009,422206537,422200236,422200147]","[422211239,219200001,100080005,422207812,100100003,208200014,206200065,422202522,422211696,422207755]"
677,"[422216018,422206537,422205160,100230064,422200147,335300002]","[422219407,422206583,249600005,422202435,422200236,422205164,249500013,204100079,422206537,422202747]"
2333,"[422216018,422208181,100220035,318900005,422207736,422203449,318900002,100760009]","[422207812,422210803,204100018,422206452,256700017,343100029,422206507,422208334,422203915,222600052]"
3455,"[422216018,422215296,249500007,422216990,422206346]","[347800030,204100018,422210461,343100029,422217972,422222900,419200006,422203645,100610004,418800002]"
6372,"[422216018,422201800,422204818,205100136,422200262]","[219200001,100110005,422202918,422219882,422211696,422202709,422211538,200400004,422200236,422200152]"
24,"[422216018,214600025,211300007,367800049]","[422210803,100070011,422211627,422202435,422209206,208200002,422203206,422205679,422201504,100210023]"
3367,"[422216018,205100467,422212331,308500001,422211446,422216416]","[335300002,422201448,422206537,100220035,219200001,422203645,422200152,100210023,100220037,422211538]"
4047,"[422216018,100230059,249500019,422208807,249500014,422206346,100610004]","[422203617,334900008,422211239,335500038,422207235,422214338,211300002,422203282,422206346,248700003]"
51,"[399200002,204900004,399200001,100540031]","[422200355,201600039,100070048,100100003,248700027,422201504,100210023,422203979,204100018,422211231]"
1033,"[422212525,422211276,248700076,248700072,308100018,248700040]","[422209262,100080053,252500005,201100257,422202918,422209206,422211538,422208975,100210023,422203301]"
4822,"[422209203,422201797,100750038,422202045,418800004,422207865,422204906,318900012,100210015,418800002,422207383,100740010,100610048]","[206200065,422211239,367400004,253900005,422209206,206800016,422200355,422202346,422201798,422211309]"
5309,"[355900001,226200018,422219400,422221911,422219399]","[422210803,100080053,422211239,422207027,241600002,422207812,422214696,422211696,422206728,422203206]"
4254,"[422207816,249500027,264500018,205100137,422200305]","[100220035,100210023,422203146,422207413,422214343,211300002,422210980,308100018,422211696,365000013]"
3409,"[422211538,422202624,422206035,213300064,249500013,226200009]","[226200018,211300002,422200147,208200014,248700003,100210023,422200236,100610048,422206871,201600141]"
3179,"[422207312,241200028,422211231,204900013,226200018]","[100110005,422206046,204600015,422212123,211300002,100210023,204100018,422207312,422221911,422211226]"
3182,"[205100467,422208327,249500019,422211446,345800003]","[201600039,100210023,422217504,422219407,100080053,422211389,318100027,422211696,367400004,206200005]"
2890,"[205100467,318900005,422203301,422211446,318900019,422207414]","[208200025,422211239,219200001,422207027,367400004,201100257,422205242,422202918,422209206,422210454]"
2401,"[100330047,223600039,422203371,232500001,223600036,100610004,422203512]","[201600039,100110005,422200236,205100136,422208181,100210023,318900011,204100003,200500095,335300002]"
4861,"[422200840,422200840,205100146,318900005,201100040,422201822,422201374,422218587,308100019]","[206200065,422211696,422200236,422201700,224100019,249500013,422206537,399200001,318900010,422212892]"
5214,"[422200840,205100136,422218746,318900012,100250032]","[422207040,422211239,219200001,422207027,249600045,208200014,367400004,422208344,358700006,206200065]"
2829,"[422207385,422201800,422203146,422220606,100540040]","[422210803,219200001,422204818,100210023,422201120,422210146,422221911,223600026,200400004,422203146]"
5287,"[347800025,204000071,100280011,224100029,318300003]","[422205355,422204624,303700002,422202918,100220061,422211538,100330068,422208805,253900006,200400004]"
2036,"[347800025,422214149,249500007,318900002,318900009]","[219200001,422207027,422206922,422207812,100110005,422202435,422202918,422208304,422207495,422216018]"
3279,"[347800025,100320003,241200015,249500013,422218746,422205160,223600026,387600005]","[422201212,100110005,422202918,422211696,378200004,422200236,204900010,224100002,422206043,422206583]"
1596,"[422201800,422204818,422204818,249500007,100220035,422217972,224100009,422218829,422218350,367800058]","[100830002,422214045,335300002,204100070,320800002,223600035,100760009,222600006,422201700,204100018]"
341,"[422214255,249500027,422218099,211300007,422209427,422218203]","[100230057,422211696,422210974,367800168,100210023,100230064,335300002,248700075,219200001,422206871]"
3485,"[422214256,422204820,318900011,318900002,320800002]","[422210803,206200005,249500011,201600039,422211239,219200001,422201212,100080050,417000001,422206588]"
755,"[422211186,205100136,100830002,205600398,357500007]","[422211153,422205355,357100006,422201212,422206922,422208809,422207235,252500003,422203704,334900012]"
5640,"[422205621,318900005,253900006,318900012,422212870]","[422211239,201100257,422200236,100210023,223600026,248700076,100230059,422205355,422218083,422200147]"
1193,"[100330044,422208976,201600141,422216354,204100023,422210948,422209282]","[422210803,422209262,422200355,422208316,357100006,422211239,204900145,100100003,208200014,100110005]"
83,"[205100202,422207629,422206648,422203146,308900002,422201121,294100021,320800002]","[422210803,422209262,422205355,252500004,367400004,206200065,386000018,309300015,422209206,422211696]"
4502,"[422202334,422206469,249500027,308100018,223600036]","[422200355,367400004,422211696,253900005,204100018,100230064,422200306,248700027,100210020,308500037]"
1112,"[422202625,422206645,422205345,335500038,422211226]","[422209262,422211239,422207027,422207812,422208344,422202435,422208870,422209203,422205621,422201798]"
691,"[422202625,422211878,204900004,249500021,211300007,249500002,422204231]","[422211239,422209206,213300005,204100018,206200065,422209699,422210461,422206046,417000001,422204775]"
1817,"[422202349,100240016,318900011,422209052,100220010]","[219200001,422202918,422211696,208200002,422216018,422206046,422211538,422201800,422205679,422201798]"
84,"[422201798,422201798,100610048]","[422207615,422204811,100210023,422210980,308500037,422202629,422203302,204900005,100760009,367800011]"
4407,"[422202342,422208975,204100003,343100029,100610004]","[422210803,422208316,252300017,422204820,252300037,422208913,205100136,100210023,422204904,422203173]"
1605,"[422207737,345800003,418800004,100540031]","[422210803,205100136,422211241,204100018,205100467,422207812,418800004,208200025,422209262,345800007]"
745,"[214600025,249500028,308500013,422206344,422209412]","[422211809,422209636,343100043,422210803,418800002,100220061,100210023,100080050,351700026,222600052]"
1337,"[422212123,248700035,100230070,422204904,422209663,422201120,422200236]","[422217625,422211239,200900014,200400003,422200236,422206537,318900010,422209933,422209282,422209206]"
1098,"[204100075,204100019,422206541,204100070,100210020,422217480,204100082,204100018]","[249500011,422208316,357100006,422211239,219200001,100070048,422216286,100180186,100100003,208200014]"
2263,"[204900056,204900009,343700002,100610004,100610004]","[201600039,422211239,219200001,100180186,208200014,422202522,422219882,422206046,422207312,422202342]"
2732,"[386000044,377400001,358300003,386000044,386000014,422201090,422203182,377400002,386000015,422200182,422200002]","[422209262,422205355,249500011,422208815,422208316,422211239,219200001,422202031,422202323,100100003]"
6296,"[204900056,422202569,213300007,422203301,365000017,223600058,249500004,422204231,211300002]","[422218099,208200014,422201504,422213312,422219399,222600057,211300002,249500007,100210023,422207812]"
2348,"[205100136,422210980,100220035,224100009,318900009,422207383]","[422211153,219200001,204900145,422207812,206200065,201100257,252500003,213300001,422209206,422208304]"
3537,"[422203301,205100137,207500003,422201374,422201691]","[422205355,208200025,422211239,422202918,422209206,422206046,205100467,422201800,422219407,422208805]"
5144,"[253900006,343100029,422211226,413600001]","[422210803,422205355,249500011,100080053,367400004,422202918,422210974,422203206,422209203,206800016]"
765,"[422211446,422206043,256700011,422207815,345800015]","[422210803,201600039,249500026,208200025,422206507,422211239,219200001,241600002,422207812,100180186]"
523,"[422209841,224100008,249500028,100750038,100750038]","[422211239,252500005,252500003,422209206,422210003,422205679,422200236,205100136,422206648,100210023]"
1159,"[422201504,422204906,422205053,422207023,249500014,308100019]","[249500013,100210023,422219407,422206972,422209206,422203700,422205355,422211538,422201798,422210461]"
4468,"[223600040,422204657,100150091,223600039,100230069]","[100210023,249500004,100230070,422206512,367800058,422209206,422209048,213300003,201100040,422209203]"
5889,"[422203617,205100136,224100002,422212892,422202421,327500002,422205345]","[422208316,249500026,208200025,422211239,219200001,422202323,422207812,422204691,100110005,422206452]"
3590,"[422220469,245500010,422210784,345800001,377400001]","[100210023,422207023,422211696,422200147,422208238,422209203,219200001,422206537,335300002,422207729]"
5239,"[245500002,327500002,223600035,224100009,371600006,287100002]","[422209262,208200025,100100001,422208870,422211696,422205621,422205679,318900005,211300002,222600030]"
423,"[318900002,358300001,345800001,422203512]","[422205355,205100136,422211183,422206537,204000059,422200236,206200065,204900159,213300007,422208805]"
6091,"[422206537,204100003,204100018,204100023,204100070]","[219200001,204900145,422202918,422211696,100210023,308500037,224100022,422203609,351700026,422211501]"
792,"[204100019,204100078,204100018,100210020,204100003]","[204900145,422207812,100180186,206200065,100110005,422202918,422209206,422211696,422201907,422223941]"
3878,"[232500022,224100022,100220010,422202168,100210016]","[422219399,422209203,422200305,422209933,422213312,422209206,200400003,335300002,223600010,422200236]"
4479,"[345800003,367800030,367800168,367800011,422214141]","[422210803,422209206,422200236,422204910,318900011,422207283,422204657,248700057,422208334,320800002]"
6061,"[204100070,204100079,204100018,100210020,422206537,204100023,204100003]","[422210803,422205355,422215805,422206922,422216286,204900145,422207235,206200065,422214696,213300001]"
5269,"[223600035,245500009,204100054,256700011,343700002]","[245500001,422212331,422217972,422204914,422205355,320800002,100830002,201100338,422200152,422202025]"
3738,"[422209444,422210980,318900002,422216416,345800015,217300001]","[422209203,422219407,422206043,204100018,422211696,100210023,422206512,248700052,320800002,207500002]"
5878,"[422206823,422207736,422205805,422212871,422204787]","[219200001,204900145,100100003,208200014,422208344,252500003,334900001,241600004,422209329,422209206]"
6041,"[204100078,204100070,422206537,204100003,204100023,100210020]","[100080053,201600039,422211239,100070048,100080005,201100257,422206452,422214696,334900008,422211696]"
4213,"[248700035,248700042,248700054,248700076,248700053,248700075,422201366]","[422209262,422200355,201600039,422217625,219200001,252500003,309300015,422207615,422211696,208200002]"
5637,"[422221911,422219399,422207417,422212361,422219400,422211231,422207629,422208781]","[100080053,422211239,422203509,422204624,422204691,206200065,248700027,303700002,422209329,422210974]"
1360,"[422214342,249500021,308500037,100240016,422215947,100760009]","[422202918,100210023,249500026,422205679,422200236,248700042,422210776,422211231,249600005,204100018]"
4531,"[204900128,249500007,318900005,422207283]","[422210803,422205355,201600039,219200001,100180186,422202918,205100467,422214256,422210776,241200016]"
4652,"[204100023,200400004,422204795,422216416,422204659]","[422202342,213300003,422209046,100760009,422200236,422203609,100830002,422203302,204100023,422209672]"
212,"[293500043,422212130,422210461,343100027,422210243]","[422210803,100070011,249500026,422206507,422211239,100080005,422207812,208200014,422208344,422207235]"
1141,"[200400004,422211878,422208973,100240016,422215925]","[206200005,219200001,422211696,100220035,100210023,422203301,222600006,422218099,100230059,422211231]"
6420,"[422213312,345800008,422205810,422206583,422200002]","[422210803,422205355,100080053,200900014,219200001,249600045,422208344,422203915,422209329,422202522]"
646,"[422208976,422202025,422202045,422202569,422217480,204100078,422213292]","[204900145,206200065,201100257,422209206,208200002,252300017,422200236,422208181,100210023,204100003]"
2029,"[422207401,422207400,318900012,422207471,318100027]","[206200005,201600039,422206507,422211239,219200001,422201212,422206922,241600002,204900145,422207812]"
3538,"[422205808,205100146,422209605,422206583,251900019]","[252500005,422206046,308100016,422201725,365000015,422205160,248700055,422222900,422204619,100760009]"
943,"[217300001,367800030,367800049,367800058,367800011]","[422209206,422200236,422203301,422206537,367800168,422214141,249400018,378200004,100080053,422202629]"
3387,"[422214147,422209047,222600006,422209052,422209053,367800030,367800049,422214045,422208906,367800153,422217504]","[100110005,422211696,422201800,422200236,205100136,318900011,422211239,422207615,100220035,100210023]"
1188,"[422206648,204900013,422202216,248700055,422212870]","[422210803,422205355,422215805,422211239,422207027,358700006,206200065,422202435,422211696,355900001]"
767,"[422206537,422207283,204100079,100210020,204100018]","[206200005,422209262,422207812,208200014,422208344,422207235,422203915,422211627,422219882,422211696]"
3599,"[248700074,248700035,422211276,248700003,248700075,248700054,248700076]","[422208316,422211239,100110005,422202918,422209206,422211696,422223941,422216018,100220061,422206469]"
6054,"[204100018,204100054,204100003,204100023,204100070]","[422210803,422201788,219200001,422207812,422208344,223000004,309300015,422211696,422207755,422207312]"
1434,"[422205807,422207815,256700017,224100008,256700001,226200009]","[422209262,249500026,422202918,422201907,422209203,422204820,422208181,100210023,422203173,308900002]"
2695,"[223600010,249500021,211300005,422210957,224100007,422204775]","[422211696,343100043,422202918,100210020,100230059,422211239,422204902,248700076,219200001,248100018]"
6350,"[422206248,100220035,224100009,100240016,100540031]","[422211239,422212333,418800004,100760009,422219600,422208972,100610048,100220037,208200014,422214141]"
1795,"[256700007,422204259,422204259,422208181,422202580,318900019,310100003,213300094,422207471,249400018]","[100210023,422208238,335300002,422206512,204100038,422203700,318900011,248700040,422200182,219200001]"
5957,"[204100019,100210020,204100023,422207283,204100070,204100018]","[206200005,204900145,422207812,100100001,206200065,422203992,422209206,422211696,422201800,422200236]"
4889,"[211300002,204100013,100210020,371600006,358300001,211300007,320800002]","[422210803,422211153,422205355,422208316,100180186,422222706,422203992,248700027,309300015,422202918]"
4915,"[422216487,204900009,211300005,422214146,249500014,422203300,100750038,237800005,211300002]","[100080053,422208316,219200001,204100038,208200014,367400004,223000004,422202522,422210974,422211696]"
3695,"[358300001,358300003,358300002,377400001,422200182]","[422210803,422209262,422211627,422202918,422200236,100210023,253900004,422203617,318900011,358300002]"
2747,"[253900004,204900013,422208181,371600006,211300002]","[422210803,422209262,100080053,422211239,100110005,422206452,422202918,422206470,422202342,422202346]"
5949,"[204100070,422207283,345800013,204100018,204100023]","[422210803,422207027,253900004,422205679,100220035,422212871,248700102,100210023,422207413,422212130]"
217,"[343100024,343100028,422205122,422207655,422209094,422208238,422207020]","[422209262,100080053,422211239,219200001,256700002,422216286,204900145,100100003,422204691,206200065]"
656,"[204900009,100210023,422200342,422208913,422204906]","[422210803,422209262,422205355,422200355,208200025,422211239,252500005,422207235,206200065,100210023]"
1540,"[422205122,422220606,357100008,357100004,205600273]","[422209262,208200025,219200001,422202918,422211696,422209203,252300017,422219407,422200236,422211183]"
4504,"[422208913,308500001,100610004,318100027]","[100080053,422211239,100080005,252500003,422219407,205100136,100210023,422203173,422206644,204100003]"
5941,"[100230056,422208974,256700011,318900011,253900006]","[422209672,208200025,318900009,422209203,422202323,422204818,422204657,422211538,100110005,200900014]"
506,"[422219399,422207629,422207417,422219400,422221911]","[422211239,422207027,422202323,204100038,422202435,334900008,422209206,422211696,422209203,422206706]"
1766,"[422209444,222600014,422203302,211300002,320800002]","[249500011,422211239,208200014,367400004,100100001,422206452,422202918,422211696,422205621,422208972]"
3463,"[422204259,422200305,422212097,351700026,224100007]","[422205355,422200355,422211239,422207027,206200065,100110005,422209206,205100467,241200028,252300003]"
2710,"[422211447,422204795,422210400,204000059,422200002,422212100,422208913,100610048]","[100210023,422209206,204100070,207500001,252300037,335300002,422204775,422210803,422209329,365000013]"
5956,"[422207283,204100079,204100070,204100023,204100054,100210020,204100018]","[422210803,422209262,100110005,422209206,422209203,422200236,100220035,100210023,422202569,249500013]"
1746,"[422217292,223600010,351700026,204100023,345800003,100240016]","[422209262,100080053,422211239,256700002,100070048,417000001,422207812,367400004,206200065,422205321]"
4160,"[358300002,377400001,422201822,377400001,318900002,422206513,377400002,422206512,422214117]","[422211239,205100467,100210023,357100011,422203506,251900024,320800002,422205162,100180186,422210957]"
1797,"[222600014,222600016,222600057,222600052,222600006]","[100180186,208200014,422207235,303700002,422214696,422209206,422206046,422208871,205100467,422204818]"
6056,"[204100023,422207283,100210020,204100019,204100070,204100018]","[206200005,422200355,201600039,100070048,422206922,422202435,422202522,422206728,422209203,422203933]"
3511,"[422206101,422209722,248700055,422205375,248700055]","[367800030,100210023,422207812,100230059,100110005,422208344,422206541,422218587,248700074,422211696]"
1936,"[422211489,422203146,100240016,345800001]","[208200014,422209203,343100024,100070048,308100016,422209206,422216018,200400004,422204657,422200254]"
1178,"[422218905,422202580,377400001,358300002,358300001]","[422205355,100080053,422211239,219200001,422214696,422206728,422203206,347800025,422202745,422203933]"
5238,"[204900004,231100005,422201700,204900025,318900002]","[422206043,224100002,422209053,422222900,422203609,422211696,204100070,223600026,422217625,253900004]"
5352,"[327500002,225200013,422211389,422204795,308500001]","[422210803,206200005,100080053,422208316,219200001,100080005,422208223,204900145,422207812,100100003]"
5282,"[422209045,422209053,422209046,422214146,422214045,422209282]","[422210803,422205355,357100010,422215805,208200025,219200001,422202918,422209206,422211696,422208304]"
987,"[422207414,224100009,422213292,422214311,422201691,318100027]","[100080053,219200001,100080005,241600002,204900145,422208344,422202747,422219407,252300033,422200236]"
3686,"[343700002,422211276,343100024,422203542,422204576]","[204100018,335300002,345800027,422204811,100230056,418800004,422216433,422200346,422208344,386000015]"
301,"[100190059,367800030,343100005]","[219200001,422209206,422216019,100330044,422219407,252300037,422203700,422200236,100210023,243300007]"
2423,"[343100029,422209045,422209047,343100027,422210243]","[249500011,422202323,100100001,422203915,100110005,422205242,422202918,334900012,422211696,257100001]"
5991,"[100190059,251900019,371600006,422206346,422202636]","[204100070,367400004,100150091,422206046,205100136,422202918,422205242,422209206,422200236,204100018]"
399,"[248700034,318900011,422209045,422200236,343100043]","[422217972,358300001,293500010,422202168,365000020,422206046,422200305,248700117,100100003,207500002]"
4561,"[205100146,249500021,422206346,422206346,100610004,100610004,100610004,422215813]","[100230059,422211239,201600039,100220035,422200355,308100018,422206513,422215805,422208316,422214343]"
4666,"[422209042,422214342,422214343,422214339]","[100080053,219200001,204900145,422201907,422208871,422219407,422200152,100210023,422210980,204900004]"
5837,"[422214340,422209053,367800030,367800168]","[206200005,422209262,422206507,219200001,422208223,100100003,422202918,422208870,422211696,422208304]"
3336,"[222600006,343100005]","[422205355,422208344,252300017,422204818,252300033,100230059,422205806,422200377,422213312,422213292]"
5360,"[223600039,422203809,224100009,318900019,308100019,100760009]","[422208316,422211239,219200001,100070048,422208344,422222706,201100257,422202918,422209206,226200026]"
2336,"[345800027,253900009,100740010,343100043,248700107]","[100210023,100830002,422212331,422202349,422200152,100230057,223600058,422211239,249400018,386000018]"
3465,"[200500283,422200147,100610004,422211226,422214311]","[386000044,367800168,224100008,422203321,345800007,422206346,422200377,100240016,422222577,422208316]"
82,"[222600006,343100014,249400018,320800002]","[422205355,224100022,223600058,422206346,422211231,249600045,320800002,422216018,422206046,422203979]"
5668,"[367800030,422208906,422217504]","[100080053,100080005,422206452,422209203,422210776,422202342,347800030,422200236,100210023,204100003]"
277,"[367800030,367800058]","[100080053,422211183,100210023,224100022,223600034,422206537,256700001,422220466,320800002,213300003]"
4325,"[367800049,422217504]","[422211239,100070048,208200014,201100257,100330001,422205460,422200236,422203173,224100022,422204775]"
3962,"[422208906,367800153,422214141]","[100080053,201600039,100080005,422205321,100110005,252500003,206200063,422210974,422211696,422208304]"
5950,"[248700107,249400130]","[100210023,422200236,335300002,422209206,422211696,422211239,422202918,422200147,219200001,100220035]"
4993,"[367800058,367800011]","[422210803,422208316,367400004,422200346,422214696,422206470,241200015,422200236,308500037,422204657]"
4193,[422209282],"[422211239,422203704,422211696,422216019,100210023,422204910,100230056,422207629,293500010,248700003]"
